key_id,data_version,created,revision
t20s0001,0.9,2019-10-30,1
t20s0002,0.9,2013-02-22,1
t20s0003,0.9,2013-02-22,1
t20s0004,0.9,2013-02-22,3
t20s0005,0.9,2013-02-20,1
t20s0006,0.9,2013-02-20,2
t20s0007,0.9,2013-02-20,1
t20s0008,0.9,2013-02-20,1
t20s0009,0.9,2013-02-20,1
t20s0010,0.9,2013-02-20,2
t20s0011,0.9,2013-02-20,1
t20s0012,0.9,2013-02-20,2
t20s0013,0.9,2013-02-18,1
t20s0014,0.9,2013-02-18,1
t20s0015,0.9,2013-02-18,1
t20s0016,0.9,2013-02-18,1
t20s0017,0.9,2013-02-18,1
t20s0018,0.9,2013-02-18,1
t20s0019,0.9,2013-02-18,1
t20s0020,0.9,2013-02-18,1
t20s0021,0.9,2013-02-18,1
t20s0022,0.9,2013-02-18,1
t20s0023,0.9,2013-02-18,1
t20s0024,0.9,2013-02-18,1
t20s0025,0.9,2013-02-19,1
t20s0026,0.9,2013-02-19,1
t20s0027,0.9,2013-02-19,1
t20s0028,0.9,2013-02-19,1
t20s0029,0.9,2013-02-19,1
t20s0030,0.9,2013-02-19,1
t20s0031,0.9,2013-02-19,1
t20s0032,0.9,2013-02-19,1
t20s0033,0.9,2013-02-19,1
t20s0034,0.9,2013-02-19,1
t20s0035,0.9,2013-02-19,1
t20s0036,0.9,2013-02-19,1
t20s0037,0.9,2013-02-19,1
t20s0038,0.9,2013-02-19,1
t20s0039,0.9,2013-02-19,1
t20s0040,0.9,2013-02-19,2
t20s0041,0.9,2013-02-19,2
t20s0042,0.9,2013-02-19,1
t20s0043,0.9,2013-02-19,1
t20s0044,0.9,2013-02-19,1
t20s0045,0.9,2013-02-19,1
t20s0046,0.9,2013-02-19,1
t20s0047,0.9,2013-02-19,1
t20s0048,0.9,2013-02-19,1
t20s0049,0.9,2012-12-30,2
t20s0050,0.9,2012-12-30,2
t20s0051,0.9,2012-12-30,2
t20s0052,0.9,2012-12-30,2
t20s0053,0.9,2012-12-30,3
t20s0054,0.9,2012-12-30,2
t20s0055,0.9,2012-12-30,2
t20s0056,0.9,2012-12-30,2
t20s0057,0.9,2012-12-30,2
t20s0058,0.9,2012-12-30,2
t20s0059,0.9,2012-12-30,2
t20s0060,0.9,2012-12-30,2
t20s0061,0.9,2012-12-30,2
t20s0062,0.9,2012-07-16,3
t20s0063,0.9,2012-12-30,2
t20s0064,0.9,2012-07-16,2
t20s0065,0.9,2012-07-16,2
t20s0066,0.9,2012-07-16,2
t20s0067,0.9,2012-07-16,2
t20s0068,0.9,2012-07-16,2
t20s0069,0.9,2012-07-16,2
t20s0070,0.9,2012-07-16,2
t20s0071,0.9,2012-07-16,2
t20s0072,0.9,2012-07-16,2
t20s0073,0.9,2012-07-15,2
t20s0074,0.9,2009-08-15,2
t20s0075,0.9,2009-08-15,2
t20s0076,0.9,2009-08-15,2
t20s0077,0.9,2009-08-15,2
t20s0078,0.9,2009-08-15,2
t20s0079,0.9,2009-08-15,2
t20s0080,0.9,2009-08-15,2
t20s0081,0.9,2009-08-15,2
t20s0082,0.9,2009-08-15,2
t20s0083,0.9,2009-08-15,2
t20s0084,0.9,2009-08-15,2
t20s0085,0.9,2009-08-15,2
t20s0086,0.9,2009-08-15,2
t20s0087,0.9,2009-08-15,3
t20s0088,0.9,2009-08-15,2
t20s0089,0.9,2009-08-15,2
t20s0090,0.9,2009-08-15,2
t20s0091,0.9,2009-08-15,2
t20s0092,0.9,2009-08-15,2
t20s0093,0.9,2009-08-15,2
t20s0094,0.9,2009-08-15,2
t20s0095,0.9,2009-08-15,2
t20s0096,0.9,2009-08-15,2
t20s0097,0.9,2009-08-15,2
t20s0098,0.9,2009-08-15,2
t20s0099,0.9,2014-05-31,3
t20s0100,0.9,2009-08-15,2
t20s0101,0.9,2014-05-31,2
t20s0102,0.9,2009-08-15,2
t20s0103,0.9,2014-05-31,2
t20s0104,0.9,2012-07-15,2
t20s0105,0.9,2012-07-15,2
t20s0106,0.9,2012-07-15,2
t20s0107,0.9,2009-09-03,2
t20s0108,0.9,2009-09-08,2
t20s0109,0.9,2014-05-31,2
t20s0110,0.9,2009-11-13,3
t20s0111,0.9,2009-11-15,2
t20s0112,0.9,2009-11-15,2
t20s0113,0.9,2009-11-16,2
t20s0114,0.9,2009-12-10,2
t20s0115,0.9,2009-12-13,2
t20s0116,0.9,2010-02-03,2
t20s0117,0.9,2010-02-07,2
t20s0118,0.9,2012-12-29,2
t20s0119,0.9,2012-12-29,2
t20s0120,0.9,2012-12-29,2
t20s0121,0.9,2012-12-29,2
t20s0122,0.9,2012-12-29,2
t20s0123,0.9,2012-12-29,2
t20s0124,0.9,2012-12-29,2
t20s0125,0.9,2010-03-27,2
t20s0126,0.9,2010-03-27,2
t20s0127,0.9,2010-03-27,2
t20s0128,0.9,2010-03-27,2
t20s0129,0.9,2010-03-28,2
t20s0130,0.9,2010-03-27,2
t20s0131,0.9,2010-03-28,2
t20s0132,0.9,2010-05-02,2
t20s0133,0.9,2010-05-02,3
t20s0134,0.9,2010-05-02,2
t20s0135,0.9,2010-05-02,3
t20s0136,0.9,2010-05-04,2
t20s0137,0.9,2010-05-02,2
t20s0138,0.9,2010-05-04,2
t20s0139,0.9,2010-05-04,2
t20s0140,0.9,2010-05-05,2
t20s0141,0.9,2010-05-05,3
t20s0142,0.9,2010-05-06,2
t20s0143,0.9,2010-05-06,2
t20s0144,0.9,2010-05-06,2
t20s0145,0.9,2010-05-06,2
t20s0146,0.9,2010-05-18,2
t20s0147,0.9,2010-05-18,2
t20s0148,0.9,2010-05-18,2
t20s0149,0.9,2010-05-18,2
t20s0150,0.9,2010-05-18,2
t20s0151,0.9,2010-05-18,2
t20s0152,0.9,2010-05-18,2
t20s0153,0.9,2010-05-18,2
t20s0154,0.9,2010-05-18,2
t20s0155,0.9,2010-05-18,2
t20s0156,0.9,2014-05-31,2
t20s0157,0.9,2010-05-18,2
t20s0158,0.9,2014-05-31,2
t20s0159,0.9,2010-05-18,2
t20s0160,0.9,2014-05-31,2
t20s0161,0.9,2010-05-18,2
t20s0162,0.9,2010-05-20,2
t20s0163,0.9,2010-07-09,2
t20s0164,0.9,2010-07-09,2
t20s0165,0.9,2010-07-09,2
t20s0166,0.9,2010-07-09,2
t20s0167,0.9,2010-07-09,2
t20s0168,0.9,2010-07-09,2
t20s0169,0.9,2010-07-09,2
t20s0170,0.9,2010-11-17,2
t20s0171,0.9,2010-11-17,2
t20s0172,0.9,2010-11-17,2
t20s0173,0.9,2010-11-17,2
t20s0174,0.9,2010-11-17,2
t20s0175,0.9,2010-11-17,2
t20s0176,0.9,2010-11-17,2
t20s0177,0.9,2011-01-01,2
t20s0178,0.9,2011-01-01,2
t20s0179,0.9,2014-05-31,2
t20s0180,0.9,2011-01-01,3
t20s0181,0.9,2011-01-09,2
t20s0182,0.9,2011-01-12,2
t20s0183,0.9,2011-01-14,2
t20s0184,0.9,2011-04-25,2
t20s0185,0.9,2011-06-16,2
t20s0186,0.9,2011-06-28,2
t20s0187,0.9,2014-05-27,2
t20s0188,0.9,2011-08-07,2
t20s0189,0.9,2011-08-09,2
t20s0190,0.9,2011-09-01,2
t20s0191,0.9,2011-10-01,2
t20s0192,0.9,2011-10-01,2
t20s0193,0.9,2011-10-01,2
t20s0194,0.9,2011-10-01,2
t20s0195,0.9,2011-10-14,2
t20s0196,0.9,2011-10-14,2
t20s0197,0.9,2011-10-16,2
t20s0198,0.9,2011-10-16,2
t20s0199,0.9,2011-10-17,2
t20s0200,0.9,2014-05-27,2
t20s0201,0.9,2011-11-07,2
t20s0202,0.9,2011-12-08,2
t20s0203,0.9,2011-12-08,2
t20s0204,0.9,2012-04-16,3
t20s0205,0.9,2012-04-16,2
t20s0206,0.9,2012-04-16,2
t20s0207,0.9,2012-04-16,2
t20s0208,0.9,2014-05-25,2
t20s0209,0.9,2012-04-16,2
t20s0210,0.9,2014-05-25,2
t20s0211,0.9,2012-04-16,2
t20s0212,0.9,2012-04-16,2
t20s0213,0.9,2014-05-25,2
t20s0214,0.9,2012-04-16,2
t20s0215,0.9,2012-04-16,2
t20s0216,0.9,2012-04-16,2
t20s0217,0.9,2012-04-16,2
t20s0218,0.9,2012-04-16,2
t20s0219,0.9,2012-04-16,2
t20s0220,0.9,2012-12-29,3
t20s0221,0.9,2012-12-29,3
t20s0222,0.9,2012-12-29,2
t20s0223,0.9,2012-12-29,3
t20s0224,0.9,2012-12-29,3
t20s0225,0.9,2012-12-29,2
t20s0226,0.9,2012-12-29,2
t20s0227,0.9,2012-12-29,2
t20s0228,0.9,2012-12-29,3
t20s0229,0.9,2012-04-16,2
t20s0230,0.9,2012-04-16,2
t20s0231,0.9,2012-04-16,2
t20s0232,0.9,2012-07-08,2
t20s0233,0.9,2012-12-29,2
t20s0234,0.9,2012-07-08,2
t20s0235,0.9,2014-05-25,2
t20s0236,0.9,2014-05-25,2
t20s0237,0.9,2012-07-08,3
t20s0238,0.9,2012-07-08,2
t20s0239,0.9,2012-07-19,2
t20s0240,0.9,2012-08-10,3
t20s0241,0.9,2012-08-10,3
t20s0242,0.9,2012-08-10,2
t20s0243,0.9,2014-05-25,2
t20s0244,0.9,2012-09-06,2
t20s0245,0.9,2014-05-25,2
t20s0246,0.9,2012-09-07,2
t20s0247,0.9,2014-05-25,2
t20s0248,0.9,2012-09-09,2
t20s0249,0.9,2012-09-11,2
t20s0250,0.9,2014-05-25,2
t20s0251,0.9,2012-09-11,2
t20s0252,0.9,2012-09-12,3
t20s0253,0.9,2012-09-13,2
t20s0254,0.9,2014-05-25,2
t20s0255,0.9,2014-05-25,2
t20s0256,0.9,2014-05-25,2
t20s0257,0.9,2012-09-19,2
t20s0258,0.9,2012-09-21,3
t20s0259,0.9,2012-09-21,2
t20s0260,0.9,2012-09-21,2
t20s0261,0.9,2012-09-30,3
t20s0262,0.9,2012-09-21,2
t20s0263,0.9,2012-09-30,2
t20s0264,0.9,2012-09-30,2
t20s0265,0.9,2012-09-30,2
t20s0266,0.9,2012-09-30,2
t20s0267,0.9,2012-09-30,2
t20s0268,0.9,2012-09-30,2
t20s0269,0.9,2014-05-25,2
t20s0270,0.9,2014-05-25,2
t20s0271,0.9,2014-05-25,2
t20s0272,0.9,2014-05-26,3
t20s0273,0.9,2012-09-30,2
t20s0274,0.9,2012-09-30,2
t20s0275,0.9,2014-05-25,2
t20s0276,0.9,2014-05-25,2
t20s0277,0.9,2012-09-30,2
t20s0278,0.9,2012-09-30,2
t20s0279,0.9,2014-05-25,2
t20s0280,0.9,2014-05-25,2
t20s0281,0.9,2012-09-30,2
t20s0282,0.9,2012-09-30,2
t20s0283,0.9,2014-05-25,2
t20s0284,0.9,2014-05-25,2
t20s0285,0.9,2012-09-30,2
t20s0286,0.9,2012-09-30,2
t20s0287,0.9,2014-05-25,2
t20s0288,0.9,2014-05-25,2
t20s0289,0.9,2012-10-02,2
t20s0290,0.9,2012-10-02,3
t20s0291,0.9,2012-10-02,2
t20s0292,0.9,2012-10-02,2
t20s0293,0.9,2014-05-25,2
t20s0294,0.9,2014-05-25,2
t20s0295,0.9,2012-10-04,2
t20s0296,0.9,2014-05-25,2
t20s0297,0.9,2012-10-08,2
t20s0298,0.9,2014-05-25,2
t20s0299,0.9,2012-10-08,2
t20s0300,0.9,2014-05-25,2
t20s0301,0.9,2014-05-25,3
t20s0302,0.9,2014-05-25,3
t20s0303,0.9,2012-10-31,2
t20s0304,0.9,2014-05-25,2
t20s0305,0.9,2012-12-24,2
t20s0306,0.9,2012-12-24,3
t20s0307,0.9,2012-12-24,5
t20s0308,0.9,2012-12-24,2
t20s0309,0.9,2012-12-24,2
t20s0310,0.9,2012-12-27,3
t20s0311,0.9,2012-12-27,4
t20s0312,0.9,2012-12-29,3
t20s0313,0.9,2014-05-25,2
t20s0314,0.9,2014-05-25,2
t20s0315,0.9,2013-02-17,1
t20s0316,0.9,2013-02-17,1
t20s0317,0.9,2013-02-17,1
t20s0318,0.9,2013-02-17,1
t20s0319,0.9,2013-02-17,1
t20s0320,0.9,2013-02-17,1
t20s0321,0.9,2013-03-03,3
t20s0322,0.9,2014-05-25,2
t20s0323,0.9,2013-03-04,3
t20s0324,0.9,2013-03-04,2
t20s0325,0.9,2013-03-04,1
t20s0326,0.9,2013-03-05,2
t20s0327,0.9,2014-05-25,2
t20s0328,0.9,2014-05-25,2
t20s0329,0.9,2013-03-25,1
t20s0330,0.9,2013-03-25,1
t20s0331,0.9,2013-03-31,1
t20s0332,0.9,2013-06-28,2
t20s0333,0.9,2013-06-28,2
t20s0334,0.9,2013-05-12,2
t20s0335,0.9,2013-05-12,2
t20s0336,0.9,2013-06-28,3
t20s0337,0.9,2013-06-28,2
t20s0338,0.9,2014-05-25,2
t20s0339,0.9,2014-05-25,2
t20s0340,0.9,2014-05-21,2
t20s0341,0.9,2013-07-29,1
t20s0342,0.9,2013-07-29,1
t20s0343,0.9,2014-05-21,2
t20s0344,0.9,2014-05-21,2
t20s0345,0.9,2013-08-06,1
t20s0346,0.9,2013-08-06,1
t20s0347,0.9,2013-08-11,1
t20s0348,0.9,2013-08-27,1
t20s0349,0.9,2013-08-27,1
t20s0350,0.9,2014-05-20,2
t20s0351,0.9,2014-05-20,2
t20s0352,0.9,2013-09-02,1
t20s0353,0.9,2014-05-20,2
t20s0354,0.9,2013-09-02,1
t20s0355,0.9,2014-05-19,2
t20s0356,0.9,2014-05-19,2
t20s0357,0.9,2013-10-01,2
t20s0358,0.9,2013-10-15,1
t20s0359,0.9,2013-10-15,2
t20s0360,0.9,2014-05-19,3
t20s0361,0.9,2014-05-19,3
t20s0362,0.9,2014-05-19,3
t20s0363,0.9,2013-11-08,3
t20s0364,0.9,2013-11-14,1
t20s0365,0.9,2013-12-31,3
t20s0366,0.9,2014-01-05,2
t20s0367,0.9,2013-12-03,2
t20s0368,0.9,2013-12-03,1
t20s0369,0.9,2013-12-19,1
t20s0370,0.9,2014-01-05,1
t20s0371,0.9,2014-01-05,1
t20s0372,0.9,2014-01-05,1
t20s0373,0.9,2013-12-18,2
t20s0374,0.9,2013-12-18,2
t20s0375,0.9,2013-12-17,2
t20s0376,0.9,2013-12-17,1
t20s0377,0.9,2013-12-16,2
t20s0378,0.9,2013-12-15,2
t20s0379,0.9,2014-01-05,1
t20s0380,0.9,2014-01-05,2
t20s0381,0.9,2014-01-05,2
t20s0382,0.9,2014-01-12,3
t20s0383,0.9,2014-01-18,1
t20s0384,0.9,2014-05-05,2
t20s0385,0.9,2014-05-05,2
t20s0386,0.9,2014-05-05,2
t20s0387,0.9,2014-05-05,2
t20s0388,0.9,2014-02-02,1
t20s0389,0.9,2014-05-04,2
t20s0390,0.9,2014-02-02,1
t20s0391,0.9,2014-05-04,2
t20s0392,0.9,2014-02-03,1
t20s0393,0.9,2014-02-22,2
t20s0394,0.9,2014-02-22,1
t20s0395,0.9,2014-02-22,1
t20s0396,0.9,2014-02-22,1
t20s0397,0.9,2014-03-10,1
t20s0398,0.9,2014-03-13,1
t20s0399,0.9,2014-03-13,1
t20s0400,0.9,2014-03-14,1
t20s0401,0.9,2014-03-17,1
t20s0402,0.9,2014-03-17,1
t20s0403,0.9,2014-03-17,1
t20s0404,0.9,2014-03-17,2
t20s0405,0.9,2014-03-17,1
t20s0406,0.9,2014-03-18,1
t20s0407,0.9,2014-03-18,2
t20s0408,0.9,2014-03-20,1
t20s0409,0.9,2014-03-19,3
t20s0410,0.9,2014-03-20,1
t20s0411,0.9,2014-03-20,1
t20s0412,0.9,2014-03-31,1
t20s0413,0.9,2014-03-31,2
t20s0414,0.9,2014-03-25,2
t20s0415,0.9,2014-03-31,2
t20s0416,0.9,2014-03-31,1
t20s0417,0.9,2014-04-05,2
t20s0418,0.9,2014-03-31,1
t20s0419,0.9,2014-03-31,1
t20s0420,0.9,2014-05-02,3
t20s0421,0.9,2014-04-05,2
t20s0422,0.9,2014-03-31,2
t20s0423,0.9,2014-03-31,1
t20s0424,0.9,2014-05-02,2
t20s0425,0.9,2014-03-31,1
t20s0426,0.9,2014-05-03,2
t20s0427,0.9,2014-05-03,2
t20s0428,0.9,2014-05-03,2
t20s0429,0.9,2014-03-31,1
t20s0430,0.9,2014-03-31,2
t20s0431,0.9,2014-05-03,3
t20s0432,0.9,2014-03-31,1
t20s0433,0.9,2014-03-31,1
t20s0434,0.9,2014-05-03,2
t20s0435,0.9,2014-05-03,2
t20s0436,0.9,2014-03-31,1
t20s0437,0.9,2014-03-31,2
t20s0438,0.9,2014-05-03,3
t20s0439,0.9,2014-05-03,2
t20s0440,0.9,2014-03-31,1
t20s0441,0.9,2014-03-31,1
t20s0442,0.9,2014-05-03,2
t20s0443,0.9,2014-05-03,2
t20s0444,0.9,2014-03-31,1
t20s0445,0.9,2014-03-31,2
t20s0446,0.9,2014-05-03,2
t20s0447,0.9,2014-05-03,3
t20s0448,0.9,2014-04-04,1
t20s0449,0.9,2014-04-04,1
t20s0450,0.9,2014-05-03,2
t20s0451,0.9,2014-05-03,2
t20s0452,0.9,2014-05-03,3
t20s0453,0.9,2014-05-03,2
t20s0454,0.9,2014-05-03,2
t20s0455,0.9,2014-04-04,1
t20s0456,0.9,2014-05-03,2
t20s0457,0.9,2014-04-04,1
t20s0458,0.9,2014-05-03,2
t20s0459,0.9,2014-04-06,1
t20s0460,0.9,2014-05-21,1
t20s0461,0.9,2014-07-06,1
t20s0462,0.9,2014-07-08,1
t20s0463,0.9,2014-09-04,1
t20s0464,0.9,2014-09-05,2
t20s0465,0.9,2014-09-06,2
t20s0466,0.9,2014-09-06,2
t20s0467,0.9,2014-09-06,2
t20s0468,0.9,2014-09-06,2
t20s0469,0.9,2014-09-06,2
t20s0470,0.9,2014-09-08,2
t20s0471,0.9,2014-09-08,1
t20s0472,0.9,2014-10-07,1
t20s0473,0.9,2014-10-23,3
t20s0474,0.9,2014-10-25,3
t20s0475,0.9,2014-10-28,3
t20s0476,0.9,2014-11-08,2
t20s0477,0.9,2014-11-08,1
t20s0478,0.9,2014-11-08,2
t20s0479,0.9,2014-11-08,1
t20s0480,0.9,2014-11-15,1
t20s0481,0.9,2014-11-24,1
t20s0482,0.9,2014-12-06,1
t20s0483,0.9,2014-12-06,1
t20s0484,0.9,2015-01-10,1
t20s0485,0.9,2015-01-12,1
t20s0486,0.9,2015-01-15,1
t20s0487,0.9,2015-01-16,3
t20s0488,0.9,2015-01-17,3
t20s0489,0.9,2015-03-21,2
t20s0490,0.9,2015-03-21,2
t20s0491,0.9,2015-03-22,2
t20s0492,0.9,2015-04-24,2
t20s0493,0.9,2015-05-23,1
t20s0494,0.9,2015-05-23,3
t20s0495,0.9,2015-05-25,1
t20s0496,0.9,2015-05-25,3
t20s0497,0.9,2015-05-26,2
t20s0498,0.9,2015-06-22,2
t20s0499,0.9,2015-06-25,1
t20s0500,0.9,2015-07-06,2
t20s0501,0.9,2015-07-06,2
t20s0502,0.9,2015-07-06,2
t20s0503,0.9,2015-07-07,2
t20s0504,0.9,2015-07-10,2
t20s0505,0.9,2015-07-10,1
t20s0506,0.9,2015-07-17,1
t20s0507,0.9,2015-07-14,2
t20s0508,0.9,2015-07-15,1
t20s0509,0.9,2015-07-15,3
t20s0510,0.9,2015-07-27,2
t20s0511,0.9,2015-07-16,1
t20s0512,0.9,2015-07-16,1
t20s0513,0.9,2015-07-18,1
t20s0514,0.9,2015-07-18,1
t20s0515,0.9,2015-07-18,1
t20s0516,0.9,2015-07-20,1
t20s0517,0.9,2015-07-22,1
t20s0518,0.9,2015-07-25,1
t20s0519,0.9,2015-07-27,1
t20s0520,0.9,2015-07-27,1
t20s0521,0.9,2015-07-27,1
t20s0522,0.9,2015-07-31,1
t20s0523,0.9,2015-08-02,2
t20s0524,0.9,2015-08-10,1
t20s0525,0.9,2015-08-16,1
t20s0526,0.9,2015-08-17,1
t20s0527,0.9,2015-08-22,2
t20s0528,0.9,2015-08-22,3
t20s0529,0.9,2015-08-23,2
t20s0530,0.9,2015-08-28,2
t20s0531,0.9,2015-08-29,2
t20s0532,0.9,2015-09-01,2
t20s0533,0.9,2015-09-01,1
t20s0534,0.9,2015-10-03,1
t20s0535,0.9,2015-10-03,1
t20s0536,0.9,2015-10-03,3
t20s0537,0.9,2015-10-03,3
t20s0538,0.9,2015-10-03,1
t20s0539,0.9,2015-10-11,1
t20s0540,0.9,2015-11-12,1
t20s0541,0.9,2015-11-12,1
t20s0542,0.9,2015-11-13,2
t20s0543,0.9,2015-11-12,2
t20s0544,0.9,2015-11-12,2
t20s0545,0.9,2015-11-13,1
t20s0546,0.9,2015-11-18,2
t20s0547,0.9,2015-11-21,2
t20s0548,0.9,2015-11-23,2
t20s0549,0.9,2015-11-29,3
t20s0550,0.9,2015-11-29,4
t20s0551,0.9,2015-11-29,1
t20s0552,0.9,2015-11-29,1
t20s0553,0.9,2015-12-07,2
t20s0554,0.9,2015-12-07,1
t20s0555,0.9,2015-12-07,2
t20s0556,0.9,2016-01-09,2
t20s0557,0.9,2016-01-09,1
t20s0558,0.9,2016-01-11,1
t20s0559,0.9,2016-01-10,2
t20s0560,0.9,2016-01-19,1
t20s0561,0.9,2016-01-19,1
t20s0562,0.9,2016-01-19,2
t20s0563,0.9,2016-01-19,1
t20s0564,0.9,2016-01-21,1
t20s0565,0.9,2016-01-25,1
t20s0566,0.9,2016-01-25,1
t20s0567,0.9,2016-01-27,1
t20s0568,0.9,2016-02-01,1
t20s0569,0.9,2016-02-01,2
t20s0570,0.9,2016-01-30,2
t20s0571,0.9,2016-02-01,1
t20s0572,0.9,2016-02-01,1
t20s0573,0.9,2016-02-01,2
t20s0574,0.9,2016-02-03,1
t20s0575,0.9,2016-02-08,1
t20s0576,0.9,2016-02-08,1
t20s0577,0.9,2016-02-10,1
t20s0578,0.9,2016-02-09,1
t20s0579,0.9,2016-02-13,1
t20s0580,0.9,2016-02-21,1
t20s0581,0.9,2016-02-21,1
t20s0582,0.9,2016-02-21,2
t20s0583,0.9,2016-02-24,3
t20s0584,0.9,2016-02-21,1
t20s0585,0.9,2016-02-21,1
t20s0586,0.9,2016-02-21,1
t20s0587,0.9,2016-02-21,1
t20s0588,0.9,2016-02-21,1
t20s0589,0.9,2016-02-25,2
t20s0590,0.9,2016-02-24,1
t20s0591,0.9,2016-02-24,1
t20s0592,0.9,2016-02-24,1
t20s0593,0.9,2016-02-24,2
t20s0594,0.9,2016-02-25,3
t20s0595,0.9,2016-02-27,1
t20s0596,0.9,2016-02-27,1
t20s0597,0.9,2016-03-01,2
t20s0598,0.9,2016-03-01,1
t20s0599,0.9,2016-03-01,2
t20s0600,0.9,2016-03-02,1
t20s0601,0.9,2016-03-03,1
t20s0602,0.9,2016-03-05,2
t20s0603,0.9,2016-03-05,2
t20s0604,0.9,2016-03-05,1
t20s0605,0.9,2016-03-08,1
t20s0606,0.9,2016-03-08,1
t20s0607,0.9,2016-03-08,1
t20s0608,0.9,2016-03-08,1
t20s0609,0.9,2016-03-09,2
t20s0610,0.9,2016-03-09,1
t20s0611,0.9,2016-03-10,2
t20s0612,0.9,2016-03-10,1
t20s0613,0.9,2016-03-11,1
t20s0614,0.9,2016-03-10,1
t20s0615,0.9,2016-03-12,1
t20s0616,0.9,2016-03-13,1
t20s0617,0.9,2016-03-12,1
t20s0618,0.9,2016-03-14,1
t20s0619,0.9,2016-03-14,1
t20s0620,0.9,2016-03-17,2
t20s0621,0.9,2016-03-17,2
t20s0622,0.9,2016-03-17,1
t20s0623,0.9,2016-03-17,2
t20s0624,0.9,2016-03-17,1
t20s0625,0.9,2016-03-17,1
t20s0626,0.9,2016-03-18,2
t20s0627,0.9,2016-03-18,2
t20s0628,0.9,2016-03-19,2
t20s0629,0.9,2016-03-18,2
t20s0630,0.9,2016-03-19,1
t20s0631,0.9,2016-03-18,1
t20s0632,0.9,2016-03-19,2
t20s0633,0.9,2016-03-19,1
t20s0634,0.9,2016-03-21,2
t20s0635,0.9,2016-03-20,2
t20s0636,0.9,2016-03-21,1
t20s0637,0.9,2016-03-20,1
t20s0638,0.9,2016-03-21,2
t20s0639,0.9,2016-03-21,2
t20s0640,0.9,2016-03-22,2
t20s0641,0.9,2016-03-22,1
t20s0642,0.9,2016-03-25,2
t20s0643,0.9,2016-03-25,1
t20s0644,0.9,2016-03-23,1
t20s0645,0.9,2016-03-25,2
t20s0646,0.9,2016-03-25,2
t20s0647,0.9,2016-03-25,2
t20s0648,0.9,2016-03-25,1
t20s0649,0.9,2016-03-25,1
t20s0650,0.9,2016-03-26,2
t20s0651,0.9,2016-03-26,2
t20s0652,0.9,2016-03-26,1
t20s0653,0.9,2016-03-26,1
t20s0654,0.9,2016-03-28,2
t20s0655,0.9,2016-03-28,2
t20s0656,0.9,2016-03-28,2
t20s0657,0.9,2016-03-28,1
t20s0658,0.9,2016-03-28,2
t20s0659,0.9,2016-03-29,2
t20s0660,0.9,2016-03-30,2
t20s0661,0.9,2016-03-31,1
t20s0662,0.9,2016-03-31,2
t20s0663,0.9,2016-04-02,1
t20s0664,0.9,2016-04-03,2
t20s0665,0.9,2016-04-04,1
t20s0666,0.9,2016-06-19,1
t20s0667,0.9,2016-06-21,1
t20s0668,0.9,2016-06-25,1
t20s0669,0.9,2016-07-05,1
t20s0670,0.9,2016-07-06,1
t20s0671,0.9,2016-07-06,1
t20s0672,0.9,2016-07-08,1
t20s0673,0.9,2016-08-31,1
t20s0674,0.9,2016-08-31,1
t20s0675,0.9,2016-09-12,1
t20s0676,0.9,2016-09-12,1
t20s0677,0.9,2016-09-12,1
t20s0678,0.9,2016-09-12,1
t20s0679,0.9,2016-09-12,1
t20s0680,0.9,2016-09-29,1
t20s0681,0.9,2016-09-29,1
t20s0682,0.9,2016-09-29,1
t20s0683,0.9,2016-09-30,1
t20s0684,0.9,2016-11-22,1
t20s0685,0.9,2016-12-11,1
t20s0686,0.9,2016-12-17,1
t20s0687,0.9,2016-12-17,1
t20s0688,0.9,2016-12-19,1
t20s0689,0.9,2017-01-08,1
t20s0690,0.9,2017-01-08,1
t20s0691,0.9,2017-01-08,2
t20s0692,0.9,2017-01-18,1
t20s0693,0.9,2017-01-18,2
t20s0694,0.9,2017-01-18,1
t20s0695,0.9,2017-01-18,1
t20s0696,0.9,2017-01-18,1
t20s0697,0.9,2017-01-18,1
t20s0698,0.9,2017-01-18,1
t20s0699,0.9,2017-01-18,2
t20s0700,0.9,2017-01-21,1
t20s0701,0.9,2017-01-21,1
t20s0702,0.9,2017-01-21,1
t20s0703,0.9,2017-01-21,1
t20s0704,0.9,2017-01-21,1
t20s0705,0.9,2017-01-23,1
t20s0706,0.9,2017-01-28,1
t20s0707,0.9,2017-01-28,1
t20s0708,0.9,2017-01-31,1
t20s0709,0.9,2017-02-13,1
t20s0710,0.9,2017-02-17,1
t20s0711,0.9,2017-02-18,1
t20s0712,0.9,2017-02-18,2
t20s0713,0.9,2017-02-19,1
t20s0714,0.9,2017-02-19,2
t20s0715,0.9,2017-02-23,1
t20s0716,0.9,2017-02-23,1
t20s0717,0.9,2017-04-02,1
t20s0718,0.9,2017-04-02,1
t20s0719,0.9,2017-04-02,1
t20s0720,0.9,2017-04-02,1
t20s0721,0.9,2017-04-02,1
t20s0722,0.9,2017-04-02,1
t20s0723,0.9,2017-04-08,1
t20s0724,0.9,2017-04-08,1
t20s0725,0.9,2017-04-08,1
t20s0726,0.9,2017-04-12,2
t20s0727,0.9,2017-04-14,1
t20s0728,0.9,2017-04-14,2
t20s0729,0.9,2017-06-03,1
t20s0730,0.9,2017-06-04,1
t20s0731,0.9,2017-06-07,1
t20s0732,0.9,2017-06-24,1
t20s0733,0.9,2017-06-24,1
t20s0734,0.9,2017-06-26,1
t20s0735,0.9,2017-07-10,1
t20s0736,0.9,2020-08-08,1
t20s0737,0.9,2020-08-21,1
t20s0738,0.9,2020-08-21,1
t20s0739,0.9,2020-08-21,1
t20s0740,0.9,2020-08-08,1
t20s0741,0.9,2020-08-08,1
t20s0742,0.9,2020-08-08,1
t20s0743,0.9,2020-08-08,2
t20s0744,0.9,2020-08-08,1
t20s0745,0.9,2020-08-08,1
t20s0746,0.9,2020-08-08,1
t20s0747,0.9,2020-08-08,1
t20s0748,0.9,2020-08-08,1
t20s0749,0.9,2020-08-08,1
t20s0750,0.9,2020-08-08,1
t20s0751,0.9,2020-08-08,1
t20s0752,0.9,2020-08-08,1
t20s0753,0.9,2020-08-08,1
t20s0754,0.9,2020-08-08,1
t20s0755,0.9,2020-08-08,1
t20s0756,0.9,2020-08-08,1
t20s0757,0.9,2020-08-08,1
t20s0758,0.9,2020-08-08,1
t20s0759,0.9,2020-08-08,1
t20s0760,0.9,2020-08-08,1
t20s0761,0.9,2020-07-04,1
t20s0762,0.9,2020-07-04,1
t20s0763,0.9,2020-07-06,2
t20s0764,0.9,2020-07-06,1
t20s0765,0.9,2020-07-06,1
t20s0766,0.9,2020-07-06,1
t20s0767,0.9,2020-07-03,1
t20s0768,0.9,2020-07-06,1
t20s0769,0.9,2020-07-06,1
t20s0770,0.9,2020-07-03,1
t20s0771,0.9,2020-07-03,1
t20s0772,0.9,2020-06-25,1
t20s0773,0.9,2020-07-03,1
t20s0774,0.9,2020-07-06,1
t20s0775,0.9,2020-06-26,1
t20s0776,0.9,2020-07-03,1
t20s0777,0.9,2020-07-06,1
t20s0778,0.9,2020-06-26,1
t20s0779,0.9,2020-07-06,1
t20s0780,0.9,2020-07-03,1
t20s0781,0.9,2020-06-26,1
t20s0782,0.9,2020-07-06,1
t20s0783,0.9,2020-07-03,1
t20s0784,0.9,2020-06-26,1
t20s0785,0.9,2020-07-06,1
t20s0786,0.9,2020-07-06,1
t20s0787,0.9,2020-07-06,1
t20s0788,0.9,2020-07-06,1
t20s0789,0.9,2020-07-06,1
t20s0790,0.9,2020-06-26,1
t20s0791,0.9,2020-07-06,1
t20s0792,0.9,2020-06-26,1
t20s0793,0.9,2020-07-06,1
t20s0794,0.9,2020-07-06,1
t20s0795,0.9,2020-06-26,1
t20s0796,0.9,2020-06-26,1
t20s0797,0.9,2020-06-26,1
t20s0798,0.9,2020-06-26,1
t20s0799,0.9,2020-06-26,1
t20s0800,0.9,2020-06-26,1
t20s0801,0.9,2020-06-26,1
t20s0802,0.9,2020-06-26,1
t20s0803,0.9,2020-06-26,1
t20s0804,0.9,2020-06-26,1
t20s0805,0.9,2020-06-26,1
t20s0806,0.9,2020-07-06,1
t20s0807,0.9,2020-07-06,1
t20s0808,0.9,2020-07-06,1
t20s0809,0.9,2020-06-26,1
t20s0810,0.9,2020-06-26,1
t20s0811,0.9,2020-07-06,1
t20s0812,0.9,2020-06-30,1
t20s0813,0.9,2020-06-30,1
t20s0814,0.9,2020-06-30,1
t20s0815,0.9,2020-06-30,1
t20s0816,0.9,2020-06-30,1
t20s0817,0.9,2020-07-06,1
t20s0818,0.9,2020-06-30,1
t20s0819,0.9,2020-06-30,1
t20s0820,0.9,2020-06-30,1
t20s0821,0.9,2020-06-26,1
t20s0822,0.9,2020-06-30,1
t20s0823,0.9,2020-06-30,1
t20s0824,0.9,2020-06-30,1
t20s0825,0.9,2020-07-06,1
t20s0826,0.9,2020-06-30,1
t20s0827,0.9,2020-06-30,1
t20s0828,0.9,2020-06-30,1
t20s0829,0.9,2020-07-01,1
t20s0830,0.9,2020-07-06,1
t20s0831,0.9,2020-07-06,1
t20s0832,0.9,2020-07-06,1
t20s0833,0.9,2020-07-06,1
t20s0834,0.9,2020-07-06,1
t20s0835,0.9,2020-07-06,1
t20s0836,0.9,2020-07-06,1
t20s0837,0.9,2020-07-06,2
t20s0838,0.9,2020-06-26,1
t20s0839,0.9,2020-06-26,1
t20s0840,0.9,2020-06-26,1
t20s0841,0.9,2020-06-26,1
t20s0842,0.9,2020-07-06,1
t20s0843,0.9,2020-07-06,1
t20s0844,0.9,2020-06-26,1
t20s0845,0.9,2020-06-26,1
t20s0846,0.9,2020-06-26,1
t20s0847,0.9,2020-07-06,1
t20s0848,0.9,2020-06-26,2
t20s0849,0.9,2020-07-06,2
t20s0850,0.9,2020-06-26,1
t20s0851,0.9,2020-07-06,1
t20s0852,0.9,2020-07-06,1
t20s0853,0.9,2020-07-06,1
t20s0854,0.9,2020-07-06,1
t20s0855,0.9,2020-07-06,1
t20s0856,0.9,2020-07-06,1
t20s0857,0.9,2020-07-06,1
t20s0858,0.9,2020-06-29,1
t20s0859,0.9,2020-06-29,1
t20s0860,0.9,2020-06-29,1
t20s0861,0.9,2020-06-29,1
t20s0862,0.9,2020-06-29,1
t20s0863,0.9,2020-06-29,1
t20s0864,0.9,2020-06-29,1
t20s0865,0.9,2020-07-06,1
t20s0866,0.9,2020-07-06,1
t20s0867,0.9,2020-06-29,1
t20s0868,0.9,2020-06-29,1
t20s0869,0.9,2020-06-29,1
t20s0870,0.9,2020-06-29,1
t20s0871,0.9,2020-06-29,1
t20s0872,0.9,2020-06-29,1
t20s0873,0.9,2020-06-29,1
t20s0874,0.9,2020-06-29,1
t20s0875,0.9,2020-06-29,1
t20s0876,0.9,2020-06-29,1
t20s0877,0.9,2020-06-29,1
t20s0878,0.9,2020-06-29,1
t20s0879,0.9,2020-07-06,2
t20s0880,0.9,2020-07-06,1
t20s0881,0.9,2020-07-06,1
t20s0882,0.9,2020-07-06,1
t20s0883,0.9,2020-07-06,1
t20s0884,0.9,2020-06-24,1
t20s0885,0.9,2020-06-23,2
t20s0886,0.9,2020-07-06,1
t20s0887,0.9,2020-06-24,1
t20s0888,0.9,2020-06-25,1
t20s0889,0.9,2020-06-24,1
t20s0890,0.9,2020-07-06,1
t20s0891,0.9,2020-06-24,1
t20s0892,0.9,2020-06-24,1
t20s0893,0.9,2020-06-24,1
t20s0894,0.9,2020-06-23,2
t20s0895,0.9,2020-06-24,1
t20s0896,0.9,2020-06-23,2
t20s0897,0.9,2020-06-23,2
t20s0898,0.9,2020-06-27,1
t20s0899,0.9,2020-06-27,1
t20s0900,0.9,2020-06-27,1
t20s0901,0.9,2020-06-27,1
t20s0902,0.9,2020-06-27,1
t20s0903,0.9,2020-06-26,1
t20s0904,0.9,2020-06-26,1
t20s0905,0.9,2020-06-27,2
t20s0906,0.9,2020-06-26,1
t20s0907,0.9,2020-06-27,1
t20s0908,0.9,2020-07-06,1
t20s0909,0.9,2020-07-06,1
t20s0910,0.9,2020-07-04,1
t20s0911,0.9,2020-07-06,1
t20s0912,0.9,2020-06-28,1
t20s0913,0.9,2020-07-06,1
t20s0914,0.9,2020-06-28,1
t20s0915,0.9,2020-07-06,1
t20s0916,0.9,2020-07-06,1
t20s0917,0.9,2020-06-28,1
t20s0918,0.9,2020-07-06,1
t20s0919,0.9,2020-07-06,1
t20s0920,0.9,2020-07-05,1
t20s0921,0.9,2020-07-06,1
t20s0922,0.9,2020-07-04,1
t20s0923,0.9,2020-07-01,1
t20s0924,0.9,2020-07-01,1
t20s0925,0.9,2020-07-01,1
t20s0926,0.9,2020-07-05,1
t20s0927,0.9,2020-07-01,1
t20s0928,0.9,2020-07-01,1
t20s0929,0.9,2020-07-01,1
t20s0930,0.9,2020-07-01,1
t20s0931,0.9,2020-07-01,1
t20s0932,0.9,2020-07-01,1
t20s0933,0.9,2020-07-01,1
t20s0934,0.9,2020-07-01,1
t20s0935,0.9,2020-07-01,1
t20s0936,0.9,2020-07-01,1
t20s0937,0.9,2020-07-01,1
t20s0938,0.9,2020-07-01,1
t20s0939,0.9,2020-07-01,1
t20s0940,0.9,2020-07-01,1
t20s0941,0.9,2020-07-06,1
t20s0942,0.9,2020-07-01,1
t20s0943,0.9,2020-07-01,1
t20s0944,0.9,2020-07-06,1
t20s0945,0.9,2020-07-01,1
t20s0946,0.9,2020-07-01,1
t20s0947,0.9,2020-07-06,1
t20s0948,0.9,2020-07-01,1
t20s0949,0.9,2020-07-06,1
t20s0950,0.9,2020-04-16,1
t20s0951,0.9,2020-04-16,1
t20s0952,0.9,2020-04-16,1
t20s0953,0.9,2020-03-29,1
t20s0954,0.9,2020-04-01,1
t20s0955,0.9,2020-03-29,1
t20s0956,0.9,2020-04-01,1
t20s0957,0.9,2020-03-29,1
t20s0958,0.9,2020-03-31,1
t20s0959,0.9,2020-01-11,1
t20s0960,0.9,2020-04-01,1
t20s0961,0.9,2020-03-30,1
t20s0962,0.9,2020-01-12,1
t20s0963,0.9,2020-04-01,1
t20s0964,0.9,2020-03-31,1
t20s0965,0.9,2020-03-28,1
t20s0966,0.9,2020-03-28,1
t20s0967,0.9,2020-03-31,1
t20s0968,0.9,2020-03-28,1
t20s0969,0.9,2020-03-31,1
t20s0970,0.9,2020-03-29,1
t20s0971,0.9,2020-03-30,1
t20s0972,0.9,2020-03-30,1
t20s0973,0.9,2020-03-30,1
t20s0974,0.9,2020-03-30,1
t20s0975,0.9,2020-03-30,1
t20s0976,0.9,2020-03-30,1
t20s0977,0.9,2020-01-06,1
t20s0978,0.9,2020-01-06,1
t20s0979,0.9,2020-01-06,1
t20s0980,0.9,2020-01-06,1
t20s0981,0.9,2020-01-06,1
t20s0982,0.9,2020-01-06,1
t20s0983,0.9,2020-01-06,1
t20s0984,0.9,2020-01-06,1
t20s0985,0.9,2020-01-06,1
t20s0986,0.9,2020-03-29,1
t20s0987,0.9,2020-01-06,1
t20s0988,0.9,2020-01-06,1
t20s0989,0.9,2020-01-06,1
t20s0990,0.9,2020-03-29,1
t20s0991,0.9,2020-01-06,1
t20s0992,0.9,2020-01-06,1
t20s0993,0.9,2020-01-06,1
t20s0994,0.9,2020-03-29,1
t20s0995,0.9,2020-03-29,1
t20s0996,0.9,2020-01-06,1
t20s0997,0.9,2020-01-06,1
t20s0998,0.9,2020-01-06,1
t20s0999,0.9,2020-01-06,1
t20s1000,0.9,2020-01-06,1
t20s1001,0.9,2020-01-06,1
t20s1002,0.9,2020-01-04,1
t20s1003,0.9,2020-01-04,1
t20s1004,0.9,2020-01-04,1
t20s1005,0.9,2020-01-04,1
t20s1006,0.9,2020-01-04,1
t20s1007,0.9,2020-01-04,1
t20s1008,0.9,2020-01-02,1
t20s1009,0.9,2020-01-02,1
t20s1010,0.9,2020-01-02,1
t20s1011,0.9,2020-01-02,1
t20s1012,0.9,2020-01-02,1
t20s1013,0.9,2020-01-02,1
t20s1014,0.9,2020-01-02,1
t20s1015,0.9,2020-01-02,1
t20s1016,0.9,2020-01-02,1
t20s1017,0.9,2020-01-02,1
t20s1018,0.9,2020-01-02,1
t20s1019,0.9,2020-01-02,1
t20s1020,0.9,2020-01-02,1
t20s1021,0.9,2020-01-01,1
t20s1022,0.9,2020-01-01,1
t20s1023,0.9,2020-01-01,1
t20s1024,0.9,2020-01-01,1
t20s1025,0.9,2020-01-01,1
t20s1026,0.9,2020-01-01,1
t20s1027,0.9,2019-10-30,1
t20s1028,0.9,2019-10-30,2
t20s1029,0.9,2019-10-29,1
t20s1030,0.9,2019-10-31,1
t20s1031,0.9,2019-10-31,1
t20s1032,0.9,2019-10-31,2
t20s1033,0.9,2019-10-31,1
t20s1034,0.9,2019-10-31,1
t20s1035,0.9,2019-10-31,1
t20s1036,0.9,2019-10-31,1
t20s1037,0.9,2019-10-31,1
t20s1038,0.9,2019-10-31,1
t20s1039,0.9,2019-10-31,1
t20s1040,0.9,2019-11-01,1
t20s1041,0.9,2019-11-01,1
t20s1042,0.9,2019-10-31,1
t20s1043,0.9,2019-10-31,1
t20s1044,0.9,2019-11-01,1
t20s1045,0.9,2019-11-01,1
t20s1046,0.9,2019-11-01,1
t20s1047,0.9,2019-10-28,1
t20s1048,0.9,2019-10-20,1
t20s1049,0.9,2019-10-19,1
t20s1050,0.9,2019-10-19,1
t20s1051,0.9,2019-09-15,1
t20s1052,0.9,2019-10-19,1
t20s1053,0.9,2019-09-15,1
t20s1054,0.9,2019-10-19,1
t20s1055,0.9,2019-08-28,1
t20s1056,0.9,2019-06-13,1
t20s1057,0.9,2019-09-15,1
t20s1058,0.9,2019-09-15,1
t20s1059,0.9,2019-09-15,1
t20s1060,0.9,2019-08-27,1
t20s1061,0.9,2019-08-27,1
t20s1062,0.9,2019-08-27,1
t20s1063,0.9,2019-08-22,1
t20s1064,0.9,2019-08-27,1
t20s1065,0.9,2019-08-23,1
t20s1066,0.9,2019-08-27,1
t20s1067,0.9,2019-08-27,1
t20s1068,0.9,2019-08-27,1
t20s1069,0.9,2019-06-12,1
t20s1070,0.9,2019-06-16,2
t20s1071,0.9,2019-06-20,1
t20s1072,0.9,2019-06-20,1
t20s1073,0.9,2019-06-19,1
t20s1074,0.9,2019-06-20,1
t20s1075,0.9,2019-08-19,1
t20s1076,0.9,2019-06-20,1
t20s1077,0.9,2019-06-21,1
t20s1078,0.9,2019-08-17,1
t20s1079,0.9,2019-06-23,1
t20s1080,0.9,2019-06-23,1
t20s1081,0.9,2019-06-23,1
t20s1082,0.9,2019-06-24,2
t20s1083,0.9,2019-06-23,1
t20s1084,0.9,2019-06-22,1
t20s1085,0.9,2019-06-22,1
t20s1086,0.9,2019-06-27,2
t20s1087,0.9,2019-08-20,1
t20s1088,0.9,2019-08-07,1
t20s1089,0.9,2019-08-17,1
t20s1090,0.9,2019-07-30,1
t20s1091,0.9,2019-07-30,1
t20s1092,0.9,2019-08-01,1
t20s1093,0.9,2019-07-31,1
t20s1094,0.9,2019-07-30,1
t20s1095,0.9,2019-07-30,1
t20s1096,0.9,2019-07-12,1
t20s1097,0.9,2019-07-14,1
t20s1098,0.9,2019-07-16,1
t20s1099,0.9,2019-07-16,1
t20s1100,0.9,2019-07-16,1
t20s1101,0.9,2019-07-21,2
t20s1102,0.9,2019-07-22,1
t20s1103,0.9,2019-07-22,1
t20s1104,0.9,2019-07-28,1
t20s1105,0.9,2019-07-28,1
t20s1106,0.9,2019-07-28,1
t20s1107,0.9,2019-07-28,1
t20s1108,0.9,2019-07-29,1
t20s1109,0.9,2019-07-29,1
t20s1110,0.9,2019-07-29,1
t20s1111,0.9,2019-07-29,1
t20s1112,0.9,2019-07-29,1
t20s1113,0.9,2019-07-31,1
t20s1114,0.9,2019-08-06,1
t20s1115,0.9,2019-08-06,1
t20s1116,0.9,2019-08-07,1
t20s1117,0.9,2019-08-06,2
t20s1118,0.9,2019-08-08,1
t20s1119,0.9,2019-08-09,2
t20s1120,0.9,2019-08-12,1
t20s1121,0.9,2019-08-12,1
t20s1122,0.9,2019-08-14,1
t20s1123,0.9,2019-08-14,1
t20s1124,0.9,2019-08-14,1
t20s1125,0.9,2019-08-15,1
t20s1126,0.9,2019-08-14,1
t20s1127,0.9,2019-08-17,1
t20s1128,0.9,2019-08-17,1
t20s1129,0.9,2019-08-19,1
t20s1130,0.9,2019-08-19,1
t20s1131,0.9,2019-08-19,1
t20s1132,0.9,2019-08-20,1
t20s1133,0.9,2019-08-20,1
t20s1134,0.9,2019-08-20,1
t20s1135,0.9,2019-08-22,1
t20s1136,0.9,2019-08-21,1
t20s1137,0.9,2019-08-22,1
t20s1138,0.9,2019-08-24,1
t20s1139,0.9,2019-08-22,1
t20s1140,0.9,2019-08-24,1
t20s1141,0.9,2019-08-26,1
t20s1142,0.9,2019-08-26,1
t20s1143,0.9,2019-08-26,1
t20s1144,0.9,2019-08-28,3
t20s1145,0.9,2019-08-30,1
t20s1146,0.9,2019-09-05,1
t20s1147,0.9,2019-09-01,1
t20s1148,0.9,2019-09-06,2
t20s1149,0.9,2019-09-06,1
t20s1150,0.9,2019-09-02,2
t20s1151,0.9,2019-09-01,1
t20s1152,0.9,2019-09-01,1
t20s1153,0.9,2019-09-06,1
t20s1154,0.9,2019-09-08,1
t20s1155,0.9,2019-09-08,1
t20s1156,0.9,2019-09-07,1
t20s1157,0.9,2019-09-06,1
t20s1158,0.9,2019-09-05,1
t20s1159,0.9,2019-09-12,1
t20s1160,0.9,2019-09-12,1
t20s1161,0.9,2019-09-08,1
t20s1162,0.9,2019-09-06,1
t20s1163,0.9,2019-09-13,1
t20s1164,0.9,2019-09-12,1
t20s1165,0.9,2019-09-12,1
t20s1166,0.9,2019-09-12,1
t20s1167,0.9,2019-09-13,1
t20s1168,0.9,2019-09-13,1
t20s1169,0.9,2019-09-16,1
t20s1170,0.9,2019-09-14,1
t20s1171,0.9,2019-09-16,1
t20s1172,0.9,2019-09-17,1
t20s1173,0.9,2019-10-03,1
t20s1174,0.9,2019-10-04,1
t20s1175,0.9,2019-10-04,1
t20s1176,0.9,2019-10-03,1
t20s1177,0.9,2019-09-30,1
t20s1178,0.9,2019-09-30,1
t20s1179,0.9,2019-10-04,1
t20s1180,0.9,2019-09-30,1
t20s1181,0.9,2019-09-30,1
t20s1182,0.9,2019-10-02,1
t20s1183,0.9,2019-10-01,1
t20s1184,0.9,2019-09-30,1
t20s1185,0.9,2019-09-30,1
t20s1186,0.9,2019-10-02,1
t20s1187,0.9,2019-09-30,1
t20s1188,0.9,2019-10-08,2
t20s1189,0.9,2019-10-09,1
t20s1190,0.9,2019-10-09,1
t20s1191,0.9,2019-10-09,1
t20s1192,0.9,2019-10-09,1
t20s1193,0.9,2019-10-08,1
t20s1194,0.9,2019-10-09,1
t20s1195,0.9,2019-10-13,1
t20s1196,0.9,2019-10-13,1
t20s1197,0.9,2019-10-11,1
t20s1198,0.9,2019-10-13,1
t20s1199,0.9,2019-10-14,1
t20s1200,0.9,2019-10-13,1
t20s1201,0.9,2019-10-13,1
t20s1202,0.9,2019-10-13,1
t20s1203,0.9,2019-10-15,1
t20s1204,0.9,2019-10-14,1
t20s1205,0.9,2019-10-14,1
t20s1206,0.9,2019-10-15,1
t20s1207,0.9,2019-10-15,1
t20s1208,0.9,2019-10-15,1
t20s1209,0.9,2019-10-14,1
t20s1210,0.9,2019-10-15,1
t20s1211,0.9,2019-10-15,1
t20s1212,0.9,2019-10-16,1
t20s1213,0.9,2019-10-16,1
t20s1214,0.9,2019-10-16,1
t20s1215,0.9,2019-10-16,1
t20s1216,0.9,2019-10-16,1
t20s1217,0.9,2019-10-19,1
t20s1218,0.9,2019-10-19,1
t20s1219,0.9,2019-10-18,1
t20s1220,0.9,2019-10-18,1
t20s1221,0.9,2019-10-22,1
t20s1222,0.9,2019-10-22,1
t20s1223,0.9,2019-10-21,1
t20s1224,0.9,2019-10-21,1
t20s1225,0.9,2019-10-20,1
t20s1226,0.9,2019-10-23,1
t20s1227,0.9,2019-10-23,1
t20s1228,0.9,2019-10-23,1
t20s1229,0.9,2019-10-23,1
t20s1230,0.9,2019-10-23,1
t20s1231,0.9,2019-10-23,1
t20s1232,0.9,2019-10-23,1
t20s1233,0.9,2019-10-23,1
t20s1234,0.9,2019-10-23,1
t20s1235,0.9,2019-10-24,1
t20s1236,0.9,2019-10-24,1
t20s1237,0.9,2019-10-24,1
t20s1238,0.9,2019-10-24,1
t20s1239,0.9,2019-10-24,1
t20s1240,0.9,2019-10-24,1
t20s1241,0.9,2019-10-24,1
t20s1242,0.9,2019-10-24,1
t20s1243,0.9,2019-10-25,1
t20s1244,0.9,2019-10-25,1
t20s1245,0.9,2019-10-25,1
t20s1246,0.9,2019-10-24,1
t20s1247,0.9,2019-10-26,2
t20s1248,0.9,2019-10-26,1
t20s1249,0.9,2019-10-26,1
t20s1250,0.9,2019-10-26,1
t20s1251,0.9,2019-10-26,1
t20s1252,0.9,2019-10-26,1
t20s1253,0.9,2019-10-27,2
t20s1254,0.9,2019-10-27,2
t20s1255,0.9,2019-10-26,2
t20s1256,0.9,2019-10-27,1
t20s1257,0.9,2019-10-26,1
t20s1258,0.9,2019-10-26,1
t20s1259,0.9,2019-10-28,2
t20s1260,0.9,2019-10-28,1
t20s1261,0.9,2019-10-28,1
t20s1262,0.9,2019-10-28,1
t20s1263,0.9,2019-10-28,1
t20s1264,0.9,2019-10-28,1
t20s1265,0.9,2019-10-27,1
t20s1266,0.9,2019-10-30,1
t20s1267,0.9,2019-10-29,1
t20s1268,0.9,2019-10-30,1
t20s1269,0.9,2019-10-30,1
t20s1270,0.9,2019-10-30,1
t20s1271,0.9,2019-10-31,1
t20s1272,0.9,2019-11-06,1
t20s1273,0.9,2019-11-01,1
t20s1274,0.9,2019-11-01,1
t20s1275,0.9,2019-11-01,1
t20s1276,0.9,2019-11-06,1
t20s1277,0.9,2019-11-06,1
t20s1278,0.9,2019-11-06,1
t20s1279,0.9,2019-11-06,1
t20s1280,0.9,2019-11-06,1
t20s1281,0.9,2019-11-06,1
t20s1282,0.9,2019-11-06,1
t20s1283,0.9,2019-11-09,1
t20s1284,0.9,2019-11-09,1
t20s1285,0.9,2019-11-09,1
t20s1286,0.9,2019-11-13,1
t20s1287,0.9,2019-11-13,1
t20s1288,0.9,2019-11-13,1
t20s1289,0.9,2019-11-13,1
t20s1290,0.9,2019-11-16,1
t20s1291,0.9,2019-11-14,1
t20s1292,0.9,2019-11-16,1
t20s1293,0.9,2019-11-18,1
t20s1294,0.9,2019-11-18,1
t20s1295,0.9,2019-11-30,1
t20s1296,0.9,2019-12-03,1
t20s1297,0.9,2020-08-26,1
t20s1298,0.9,2020-08-26,1
t20s1299,0.9,2019-12-10,1
t20s1300,0.9,2019-12-18,1
t20s1301,0.9,2019-12-18,1
t20s1302,0.9,2019-12-17,1
t20s1303,0.9,2019-12-18,1
t20s1304,0.9,2019-12-18,1
t20s1305,0.9,2019-12-18,1
t20s1306,0.9,2019-12-18,1
t20s1307,0.9,2019-12-19,1
t20s1308,0.9,2019-12-19,1
t20s1309,0.9,2019-12-23,1
t20s1310,0.9,2020-01-09,1
t20s1311,0.9,2020-01-10,1
t20s1312,0.9,2020-01-23,1
t20s1313,0.9,2020-02-03,1
t20s1314,0.9,2020-02-03,1
t20s1315,0.9,2020-02-03,1
t20s1316,0.9,2020-02-03,1
t20s1317,0.9,2020-02-03,1
t20s1318,0.9,2020-02-03,1
t20s1319,0.9,2020-02-08,1
t20s1320,0.9,2020-02-09,1
t20s1321,0.9,2020-02-03,1
t20s1322,0.9,2020-02-04,1
t20s1323,0.9,2020-02-15,1
t20s1324,0.9,2020-02-09,1
t20s1325,0.9,2020-02-15,1
t20s1326,0.9,2020-02-15,1
t20s1327,0.9,2020-02-15,1
t20s1328,0.9,2020-02-15,1
t20s1329,0.9,2020-02-15,1
t20s1330,0.9,2020-02-15,1
t20s1331,0.9,2020-02-16,1
t20s1332,0.9,2020-02-16,1
t20s1333,0.9,2020-02-16,1
t20s1334,0.9,2020-02-16,1
t20s1335,0.9,2020-02-17,1
t20s1336,0.9,2020-02-17,1
t20s1337,0.9,2020-02-16,1
t20s1338,0.9,2020-02-17,1
t20s1339,0.9,2020-02-17,1
t20s1340,0.9,2020-02-21,1
t20s1341,0.9,2020-02-22,1
t20s1342,0.9,2020-02-22,1
t20s1343,0.9,2020-02-22,1
t20s1344,0.9,2020-02-23,1
t20s1345,0.9,2020-02-23,1
t20s1346,0.9,2020-02-24,1
t20s1347,0.9,2020-02-24,1
t20s1348,0.9,2020-02-24,1
t20s1349,0.9,2020-02-24,1
t20s1350,0.9,2020-02-24,1
t20s1351,0.9,2020-02-24,1
t20s1352,0.9,2020-02-29,1
t20s1353,0.9,2020-02-29,1
t20s1354,0.9,2020-02-27,1
t20s1355,0.9,2020-02-26,1
t20s1356,0.9,2020-02-29,1
t20s1357,0.9,2020-02-29,1
t20s1358,0.9,2020-02-28,1
t20s1359,0.9,2020-02-28,1
t20s1360,0.9,2020-03-01,1
t20s1361,0.9,2020-03-01,1
t20s1362,0.9,2020-02-29,1
t20s1363,0.9,2020-03-01,1
t20s1364,0.9,2020-03-01,1
t20s1365,0.9,2020-03-01,1
t20s1366,0.9,2020-03-01,1
t20s1367,0.9,2020-03-01,1
t20s1368,0.9,2020-03-01,1
t20s1369,0.9,2020-03-01,1
t20s1370,0.9,2020-03-02,1
t20s1371,0.9,2020-03-01,1
t20s1372,0.9,2020-03-01,1
t20s1373,0.9,2020-03-01,1
t20s1374,0.9,2020-03-02,1
t20s1375,0.9,2020-03-02,1
t20s1376,0.9,2020-03-03,1
t20s1377,0.9,2020-03-03,1
t20s1378,0.9,2020-03-03,1
t20s1379,0.9,2020-03-05,1
t20s1380,0.9,2020-03-05,1
t20s1381,0.9,2020-03-05,1
t20s1382,0.9,2020-03-05,1
t20s1383,0.9,2020-03-06,1
t20s1384,0.9,2020-03-06,1
t20s1385,0.9,2020-03-06,1
t20s1386,0.9,2020-03-10,1
t20s1387,0.9,2020-03-16,2
t20s1388,0.9,2020-03-16,2
t20s1389,0.9,2020-03-16,1
t20s1390,0.9,2020-03-10,1
t20s1391,0.9,2020-03-17,1
t20s1392,0.9,2020-03-16,1
t20s1393,0.9,2020-08-19,1
t20s1394,0.9,2020-08-19,1
t20s1395,0.9,2020-08-19,1
t20s1396,0.9,2020-08-19,1
t20s1397,0.9,2020-08-22,1
t20s1398,0.9,2020-08-29,1
t20s1399,0.9,2020-09-01,1
t20s1400,0.9,2020-09-01,1
t20s1401,0.9,2020-09-01,1
t20s1402,0.9,2020-08-31,1
t20s1403,0.9,2020-09-02,1
t20s1404,0.9,2020-09-05,1
t20s1405,0.9,2020-09-07,1
t20s1406,0.9,2020-09-09,1
t20s1407,0.9,2020-09-24,1
t20s1408,0.9,2020-09-24,1
t20s1409,0.9,2020-10-05,1
t20s1410,0.9,2020-10-05,1
t20s1411,0.9,2020-10-05,1
t20s1412,0.9,2020-10-05,1
t20s1413,0.9,2020-10-05,1
t20s1414,0.9,2020-10-05,1
t20s1415,0.9,2020-10-20,1
t20s1416,0.9,2020-10-20,1
t20s1417,0.9,2020-10-20,1
t20s1418,0.9,2020-11-08,1
t20s1419,0.9,2020-11-10,1
t20s1420,0.9,2020-11-10,1
t20s1421,0.9,2020-11-29,1
t20s1422,0.9,2020-11-29,1
t20s1423,0.9,2020-11-30,1
t20s1424,0.9,2020-11-29,1
t20s1425,0.9,2020-11-30,1
t20s1426,0.9,2020-12-04,1
t20s1427,0.9,2020-12-04,1
t20s1428,0.9,2020-12-16,1
t20s1429,0.9,2020-12-16,1
t20s1430,0.9,2020-12-18,1
t20s1431,0.9,2020-12-22,1
t20s1432,0.9,2020-12-22,1
t20s1433,0.9,2021-01-29,1
t20s1434,0.9,2021-01-31,1
t20s1435,0.9,2021-02-04,1
t20s1436,0.9,2021-02-11,1
t20s1437,0.9,2021-02-14,1
t20s1438,0.9,2021-02-15,1
t20s1439,0.9,2021-02-22,1
t20s1440,0.9,2021-02-25,1
t20s1441,0.9,2021-03-04,1
t20s1442,0.9,2021-03-03,1
t20s1443,0.9,2021-03-03,1
t20s1444,0.9,2021-03-06,1
t20s1445,0.9,2021-03-05,1
t20s1446,0.9,2021-03-05,1
t20s1447,0.9,2021-03-08,1
t20s1448,0.9,2021-03-07,1
t20s1449,0.9,2021-03-07,1
t20s1450,0.9,2021-03-13,1
t20s1451,0.9,2021-03-14,1
t20s1452,0.9,2021-03-17,1
t20s1453,0.9,2021-03-18,1
t20s1454,0.9,2021-03-18,1
t20s1455,0.9,2021-03-19,1
t20s1456,0.9,2021-03-20,1
t20s1457,0.9,2021-03-20,1
t20s1458,0.9,2021-03-20,1
t20s1459,0.9,2021-03-21,1
t20s1460,0.9,2021-03-24,1
t20s1461,0.9,2021-03-28,1
t20s1462,0.9,2021-03-28,1
t20s1463,0.9,2021-03-30,1
t20s1464,0.9,2021-03-30,1
t20s1465,0.9,2021-04-02,1
t20s1466,0.9,2021-04-02,1
t20s1467,0.9,2021-04-03,1
t20s1468,0.9,2021-04-05,1
t20s1469,0.9,2021-04-05,1
t20s1470,0.9,2021-04-10,1
t20s1471,0.9,2021-04-12,1
t20s1472,0.9,2021-04-15,1
t20s1473,0.9,2021-04-17,1
t20s1474,0.9,2021-04-17,1
t20s1475,0.9,2021-04-18,1
t20s1476,0.9,2021-04-20,1
t20s1477,0.9,2021-04-20,1
t20s1478,0.9,2021-04-22,1
t20s1479,0.9,2021-04-22,1
t20s1480,0.9,2021-04-24,1
t20s1481,0.9,2021-04-24,1
t20s1482,0.9,2021-04-24,1
t20s1483,0.9,2021-04-25,1
t20s1484,0.91,2021-05-26,1
t20s1485,0.91,2021-05-26,1
t20s1486,0.91,2021-05-26,1
t20s1487,0.91,2021-05-26,1
t20s1488,0.91,2021-05-26,1
t20s1489,0.91,2021-05-26,1
t20s1490,0.91,2021-05-27,1
t20s1491,0.91,2021-05-27,1
t20s1492,0.91,2021-05-27,1
t20s1493,0.91,2021-06-09,1
t20s1494,0.91,2021-06-10,1
t20s1495,0.91,2021-06-10,1
t20s1496,0.91,2021-06-10,1
t20s1497,0.91,2021-06-10,1
t20s1498,0.91,2021-06-10,1
t20s1499,0.91,2021-06-15,1
t20s1500,0.91,2021-06-12,1
t20s1501,0.91,2021-06-15,1
t20s1502,0.91,2021-06-15,1
t20s1503,0.91,2021-06-15,1
t20s1504,0.91,2021-06-15,1
t20s1505,0.91,2021-06-24,1
t20s1506,0.91,2021-06-24,1
t20s1507,0.91,2021-06-24,1
t20s1508,0.91,2021-06-25,1
t20s1509,0.91,2021-06-25,1
t20s1510,0.91,2021-06-25,1
t20s1511,0.91,2021-06-29,1
t20s1512,0.91,2021-06-26,1
t20s1513,0.91,2021-06-26,1
t20s1514,0.91,2021-06-26,1
t20s1515,0.91,2021-06-29,1
t20s1516,0.91,2021-07-01,1
t20s1517,0.91,2021-07-02,1
t20s1518,0.91,2021-07-02,1
t20s1519,0.91,2021-07-03,1
t20s1520,0.91,2021-07-04,1
t20s1521,0.91,2021-07-05,1
t20s1522,0.91,2021-07-08,1
t20s1523,0.91,2021-07-08,1
t20s1524,0.91,2021-07-08,1
t20s1525,0.91,2021-07-08,1
t20s1526,0.91,2021-07-09,1
t20s1527,0.91,2021-07-09,1
t20s1528,0.91,2021-07-10,1
t20s1529,0.91,2021-07-09,1
t20s1530,0.91,2021-07-10,1
t20s1531,0.91,2021-07-17,1
t20s1532,0.91,2021-07-12,1
t20s1533,0.91,2021-07-12,1
t20s1534,0.91,2021-07-13,1
t20s1535,0.91,2021-07-17,1
t20s1536,0.91,2021-07-16,1
t20s1537,0.91,2021-07-17,1
t20s1538,0.91,2021-07-17,1
t20s1539,0.91,2021-07-18,1
t20s1540,0.91,2021-07-20,1
t20s1541,0.91,2021-07-21,1
t20s1542,0.91,2021-07-22,1
t20s1543,0.91,2021-07-22,1
t20s1544,0.91,2021-07-24,1
t20s1545,0.91,2021-07-25,1
t20s1546,0.91,2021-07-25,1
t20s1547,0.91,2021-07-25,1
t20s1548,0.91,2021-07-26,1
t20s1549,0.91,2021-07-28,1
t20s1550,0.91,2021-07-28,1
t20s1551,0.91,2021-07-30,1
t20s1552,0.91,2021-07-30,1
t20s1553,0.91,2021-07-30,1
t20s1554,0.91,2021-07-31,1
t20s1555,0.91,2021-08-01,1
t20s1556,0.91,2021-08-04,1
t20s1557,0.91,2021-08-04,1
t20s1558,0.91,2021-08-04,1
t20s1559,0.91,2021-08-06,1
t20s1560,0.91,2021-08-06,1
t20s1561,0.91,2021-08-06,1
t20s1562,0.91,2021-08-06,1
t20s1563,0.91,2021-08-08,1
t20s1564,0.91,2021-08-08,1
t20s1565,0.91,2021-08-08,1
t20s1566,0.91,2021-08-08,1
t20s1567,0.91,2021-08-08,1
t20s1568,0.91,2021-08-09,1
t20s1569,0.91,2021-08-15,1
t20s1570,0.91,2021-08-15,1
t20s1571,0.91,2021-08-18,1
t20s1572,0.91,2021-08-21,1
t20s1573,0.91,2021-08-20,1
t20s1574,0.91,2021-08-20,1
t20s1575,0.91,2021-08-21,1
t20s1576,0.91,2021-08-21,1
t20s1577,0.91,2021-08-21,1
t20s1578,0.91,2021-08-21,1
t20s1579,0.91,2021-08-21,1
t20s1580,0.91,2021-08-23,1
t20s1581,0.91,2021-08-23,1
t20s1582,0.91,2021-08-23,1
t20s1583,0.91,2021-08-26,1
t20s1584,0.91,2021-08-26,1
t20s1585,0.91,2021-08-26,1
t20s1586,0.91,2021-08-28,1
t20s1587,0.91,2021-08-28,1
t20s1588,0.91,2021-08-28,1
t20s1589,0.91,2021-08-27,1
t20s1590,0.91,2021-08-27,1
t20s1591,0.91,2021-08-28,1
t20s1592,0.91,2021-08-30,1
t20s1593,0.91,2021-08-30,1
t20s1594,0.91,2021-08-30,1
t20s1595,0.91,2021-08-30,1
t20s1596,0.91,2021-08-30,1
t20s1597,0.91,2021-08-30,1
t20s1598,0.91,2021-08-30,1
t20s1599,0.91,2021-09-01,1
t20s1600,0.91,2021-09-01,1
t20s1601,0.91,2021-09-01,1
t20s1602,0.91,2021-09-03,1
t20s1603,0.91,2021-09-03,1
t20s1604,0.91,2021-09-03,1
t20s1605,0.91,2021-09-03,1
t20s1606,0.91,2021-09-03,1
t20s1607,0.91,2021-09-03,1
t20s1608,0.91,2021-09-03,1
t20s1609,0.91,2021-09-03,1
t20s1610,0.91,2021-09-03,1
t20s1611,0.91,2021-09-05,1
t20s1612,0.91,2021-09-05,1
t20s1613,0.91,2021-09-05,1
t20s1614,0.91,2021-09-05,1
t20s1615,0.91,2021-09-04,1
t20s1616,0.91,2021-09-05,1
t20s1617,0.91,2021-09-05,1
t20s1618,0.91,2021-09-05,1
t20s1619,0.92,2021-09-10,1
t20s1620,0.92,2021-09-10,1
t20s1621,0.92,2021-09-10,1
t20s1622,0.92,2021-09-10,1
t20s1623,0.92,2021-09-10,1
t20s1624,0.92,2021-09-10,1
t20s1625,0.92,2021-09-10,1
t20s1626,0.92,2021-09-10,1
t20s1627,0.92,2021-09-10,3
t20s1628,0.92,2021-09-10,1
t20s1629,0.92,2021-09-10,1
t20s1630,0.92,2021-09-10,1
t20s1631,0.92,2021-09-10,1
t20s1632,0.92,2021-09-11,1
t20s1633,0.92,2021-09-11,1
t20s1634,0.92,2021-09-11,1
t20s1635,0.92,2021-09-11,1
t20s1636,0.92,2021-09-11,1
t20s1637,0.92,2021-09-11,1
t20s1638,0.92,2021-09-11,1
t20s1639,0.92,2021-09-13,1
t20s1640,0.92,2021-09-13,1
t20s1641,0.92,2021-09-13,1
t20s1642,0.92,2021-09-13,1
t20s1643,0.92,2021-09-14,1
t20s1644,0.92,2021-09-14,1
t20s1645,0.92,2021-09-14,1
t20s1646,0.92,2021-09-14,1
t20s1647,0.92,2021-09-15,1
t20s1648,0.92,2021-09-15,1
t20s1649,0.92,2021-09-15,1
t20s1650,0.92,2021-09-18,1
t20s1651,0.92,2021-09-18,1
t20s1652,0.92,2021-09-18,1
t20s1653,0.92,2021-09-18,1
t20s1654,0.92,2021-09-18,1
t20s1655,0.92,2021-09-18,1
t20s1656,0.92,2021-09-18,1
t20s1657,0.92,2021-09-17,1
<<<<<<< HEAD
t20s1658,0.92,2021-09-21,1
t20s1659,0.92,2021-09-21,1
t20s1660,0.92,2021-09-20,1
t20s1661,0.92,2021-10-05,1
t20s1662,0.92,2021-10-07,1
=======
t20s1658,0.92,2021-09-20,1
t20s1659,0.92,2021-09-21,1
t20s1660,0.92,2021-09-20,1
t20s1661,0.92,2021-10-05,1
t20s1662,0.92,2021-10-05,1
>>>>>>> 68115f295d72bdc8da0bf98036a2c33234cd6e1a
t20s1663,0.92,2021-10-05,1
t20s1664,0.92,2021-10-07,1
t20s1665,0.92,2021-10-07,1
t20s1666,0.92,2021-10-07,1
t20s1667,0.92,2021-10-07,1
t20s1668,0.92,2021-10-07,1
t20s1669,0.92,2021-10-09,1
t20s1670,0.92,2021-10-09,1
t20s1671,0.92,2021-10-09,1
t20s1672,0.92,2021-10-09,1
t20s1673,0.92,2021-10-09,1
t20s1674,0.92,2021-10-09,1
t20s1675,0.92,2021-10-11,1
t20s1676,0.92,2021-10-11,1
t20s1677,0.92,2021-10-11,1
<<<<<<< HEAD
t20s1678,0.92,2021-10-15,1
t20s1679,0.92,2021-10-15,1
t20s1680,0.92,2021-10-16,1
t20s1681,0.92,2021-10-16,1
t20s1682,0.92,2021-10-16,1
t20s1683,0.92,2021-10-16,1
t20s1684,0.92,2021-10-18,1
t20s1685,0.92,2021-10-16,1
t20s1686,0.92,2021-10-18,1
t20s1687,0.92,2021-10-18,1
t20s1688,0.92,2021-10-18,1
t20s1689,0.92,2021-10-18,1
t20s1690,0.92,2021-10-18,1
t20s1691,0.92,2021-10-18,1
t20s1692,0.92,2021-10-18,1
t20s1693,0.92,2021-10-18,1
t20s1694,0.92,2021-10-18,1
t20s1695,0.92,2021-10-18,1
t20s1696,0.92,2021-10-19,1
t20s1697,0.92,2021-10-19,1
t20s1698,0.92,2021-10-19,1
t20s1699,0.92,2021-10-19,1
t20s1700,0.92,2021-10-20,1
t20s1701,0.92,2021-10-19,1
t20s1702,0.92,2021-10-19,1
t20s1703,0.92,2021-10-19,1
t20s1704,0.92,2021-10-19,1
t20s1705,0.92,2021-10-19,1
t20s1706,0.92,2021-10-20,1
t20s1707,0.92,2021-10-20,1
t20s1708,0.92,2021-10-20,1
t20s1709,0.92,2021-10-20,1
t20s1710,0.92,2021-10-20,1
t20s1711,0.92,2021-10-20,1
t20s1712,0.92,2021-10-20,1
=======
>>>>>>> 68115f295d72bdc8da0bf98036a2c33234cd6e1a
